"ID","Object","Address","Desc"
2,"ВЧК-ОГПУ-НКВД-МГБ и лубянская внутренняя тюрьма","Лубянка 2","ВЧК окончательно въехала в здание бывшего страхового общества ""Россия"" в 1919 г. В 1920е годы здесь уже располагались кабинеты сотрудников ЧК-ОГПУ, где велись нескончаемые ночные допросы.  В здании гостиницы во внутреннем дворе с 1920 по 1961 гг. помещалась внутренняя лубянская тюрьма (расширенная в 1930е гг). По состоянию на 1941 год емкость тюрьмы составляла 570 чел. В период с 1 октября 1934 года по 1 октября 1938 года центральным аппаратом НКВД было арестовано не менее 24 382 чел. Известны случаи расстрелов и убийств непосредственно в здании ОГПУ-НКВД. Первоначально основное здание было пятиэтажным, в начале 1930х пристроили еще 3 этажа из желтого кирпича. Комплекс перестроил А.Я.Лангман, ставший с 1927 года фактически главным зодчим ОГПУ-НКВД. При Ягоде появился новый громадный корпус, отделанный черным лабрадором. Он открыл свои железные ворота перед ""воронками"" в 1933 году. Главный вход в ОГПУ все еще осуществлялся через старое здание, над дверями которого был укреплен барельеф с изображением Карла Маркса. А в 1946 году ""в связи с расширением объема работы"" была сделана последняя пристройка по проекту А.В. Щусева, автора мавзолея. В нынешнем виде здание существует с середины 1980х."
3,"Военная коллегия Верховного Суда (Расстрельный дом)","Никольская 23","""Расстрельный дом"" - здесь в годы Большого террора размещалась Военная коллегия Верховного суда СССР, возлавляемая В.В.Ульрихом. Военная коллегия переехала сюда Спиридоньевки в начале 1930х. и размещалась здесь до конца 1940х. Всего Военной коллегией (по ее собственным отчетам) с 1934 по 1955 год осуждено 47 549 человек, из них за период с 1 октября 1936 года по 30 ноября 1938 приговорено к расстрелу 31 456 чел. (в том числе 7408 в Москве), к лишению свободы 6857."
4,"Автобаза №1 НКВД и Казармы ВЧК (Пер. Варсонофьевский, 7-9)","Большая Лубянка 11 / Пер. Варсонофьевский, 7-9","По адресу Б.Лубянка дом №11 в 1918-19 гг. находился центральный аппарта ВЧК. Автобаза и гараж ВЧК-НКВД располагались в доме №7 (бывшие палаты кн. Голициных-Измайловых). В соседнем доме №9 (по Варсонофьевском переулку) располагались казармы ВЧК. 
В здании дома №11 было оборудовано специальное помещение для расстрелов приговоренных к смерти людей. Командовал расстрелами комендант ОГПУ Карл Вейс (до 1926 г.), затем возглавлял «особую группу» приводившую смертные приговоры в исполнение Василий Блохин (до 1953 г.). В статьях о работе ВЧК начальник отдела по борьбе с контрреволюцией Мартин Лацис писал: «Внесудебные расстрелы исполнялись во дворе любого учреждения ВЧК/ГПУ/ОГПУ/НКВД. Расстреливаемых выводили из подвала ночью, ослепляли фарами грузовиков и открывали по ним огонь. Шум заведённых моторов заглушал выстрелы». В 1937–1938 годах казни были особенно частыми. Расстрелы в этом доме производились вплоть до 1954 года. По приблизительным оценкам здесь было расстреляно от 10 до 15 тысяч человек – жертв советского политического террора. Расстрелы на автобазе (вместе с Хамовническими казармами и некоторыми московскими монастырями) происходили регулярно с 1918 года. Тогда же жители Москвы стали называть это место «гаражом расстрелов». По воспоминаниям шофера автобазы, приговоры приводили в исполнение т.н. «расстрельные» команды, состоявшие из четырех сотрудников для особых поручений. В дни же особенно массовых расстрелов число исполнителей увеличивалось. В некоторых случаях в расстрелах принимало участие и высокое начальство. Это называлось у них «пострелять» и происходило исключительно по собственному желанию высокопоставленных чинов. Здесь же располагалась лаборатория ""Х"", в которой с 1937 по 1947 год под руководством Григория Майрановского производились испытания ядов на приговоренных к смерти людях."
5,"Приемная ОГПУ, НКВД","Кузнецкий мост 24","Здесь, по адресу Кузнецкий мост 24, на первом этаже с 1935 г. находилась справочная и приемная НКВД. Сюда выстраивались очереди родственников, пытающихся выяснить судьбу арестованных. Для заключенных внутренней Лубянской тюрьмы здесь можно было передать деньги. Сюда же впоследствии вызывали людей для вручения документов о реабилитации. В квартире 7 на втором этаже этого же дома (у которого ранее был №16) до 1937 г. находилась одна из трех легально работавших в первые 20 лет советской власти организаций, помогающих осужденным по политическим мотивам и их семьям. После закрытия в 1922 г. Политического Красного Креста (ПКК) ПОМПОЛИТ (Помощь политзаключенным) фактически взял на себя его функции, но без правозащитной составляющей. При этом он работал с разрешения ГПУ и вынужденно находился под контролем ГПУ–ОГПУ–НКВД. Возглавляла ПОМПОЛИТ, как и ПКК, Е.Пешкова, ее помощником был М.Винавер. В течение более 15 лет ПОМПОЛИТ помогал выживать (морально и физически) десяткам тысяч людей, составлял «базу данных» арестованных по политическим мотивам, вел переписку с их родными. Количество писем постоянно росло, особенно быстро – после организации Соловецкого лагеря в 1923 г. и с началом массовой высылки в 1924 г. (к этому времени ПКК уже был закрыт, его заменил ПОМПОЛИТ; адрес на конвертах оставался тем же, а название организации, в которую адресовались письма, их авторы писали по-разному). В середине 1937 г. ПОМПОЛИТ был закрыт по непосредственному приказу Ежова."
6,"МЧК (1919), МГО ОГПУ","Большая Лубянка 14","В начале 1920х годов в дом №14, изящный особняк Ростопчина, выстроенный в духе Растрелли, переезжает московская ЧК. В этом же здании располагались камеры предварительного заключения (тюрьмы) Московской Губчека, а затем Московского губотдела ГПУ (упразднен в январе 1924 г. путем объединения с центральным аппаратом ОГПУ). Здесь же до 1934 года после упразднения московского губотдела ОГПУ располагался спецотдел ОГПУ, который возглавлял Г.Бокий. В функции спецотдела входили шифровальное и дешифровальное дело, охрана гостайн, лаборатория по изготовлению средств оперативной техники. До возникновения в 1930 г. Гулага курирование лагерей особого назначения ОГПУ входило в функции спецотдела, поэтому Бокий был ""частым гостем"" на Соловках."
7,"Московский Ревтрибунал","Большая Лубянка 18","Весной 1919 г., при председателе Якове Петерсе (в 1938 году его расстреляли), Московский революционный трибунал переехал в трехэтажный особняк на Б.Лубянке. Здесь МРТ находился вплоть до своего упразднения в 1923 году в связи с открытием Московского губернского суда. МРТ выносил приговоры (от принудительных работ и тюремных сроков до расстрелов) тем, кого он в данный момент и по подсказке из Кремля счел «врагом советской власти».
Особенно жестокие вердикты выносились представителям образованных слоев. МРТ рассмотрел череду дел священнослужителей Русской православной церкви и верующих-мирян. МРТ не имел ограничений по мерам наказания, которые он мог устанавливать, а приговоры первое время вообще не подлежали обжалованию в других инстанциях. Как и ВЧК, МРТ фактически сами определяли границы своих полномочий. Руководители МРТ считали, что ему подсудны все дела о преступлениях, опасных для нового государства. (Уголовный Кодекс РСФСР появился в 1922 г.).
Социальное происхождение могло заметно облегчить участь подсудимого, если оно подкреплялось его личными заслугами перед властью. Рабочий или крестьянин, виновный в тяжком преступлении, имел шансы быть избавленным от наказания, если имел на счету непосредственное участие в казнях “врагов”, в подавлении “контрреволюционных выступлений”, либо деятельно сотрудничал с органами ЧК."
40,,"Большой Черкасский пер. 6","Здесь в 1930е и 40е гг. последовательно находился Военный трибунал Внутренней охраны Московской области, Военный трибунал войск НКВД и Военный трибунал войск МВД СССР Московской области. Трибунал и в мирное, и в военное время судил военнослужащих низшего состава (генералитет судили в Военной коллегии Верховного суда) и гражданских лиц по разным пунктам 58 статьи (измена родине, шпионаж, террор, диверсия)."
42,"Штаб Отдельной дивизии особого назначения (ОДОН) войск ОГПУ","Большой Кисельный пер. 14","Штаб Отдельной дивизии особого назначения (ОДОН) войск ОГПУ располагался в этом здании до июля 1934 года. Дивизия особого назначения являлась войсковой силой ОГПУ-НКВД и носила имя Дзержинского. Использовалась как инструмент государственных репрессий. В июле 1934 штаб ОДОН переместился в дом 11 по ул. Дзержинского."
43,,"Мясницкая улица 3","До июля 1934 года в доме располагалась часть иностранного отдела (разведка) ОГПУ с обширным архивом и картотеками. В июле 1934 года переехали в новое (достроенное) здание НКВД на Б. Лубянке и вместо них по этому адресу расположился отдел связи Административно-хозяйственного управления НКВД. Позднее в этом здании долгое время вплоть до начала 90х располагался архив 1го спецотдела НКВД-МВД. В этом архиве были сосредоточены документы о массовых репрессиях."
8,"Политехнический музей","Новая площадь 3/4","Строительство Политехнического музея продолжалось с 1871 по 1903 год. Разные части музея строились по проектам архитекторов Ипполита Монигетти, Николая Шохина, Георгия Макаева и др. Основание музея стало одним из крупных и успешных просветительских научно-популярных начинаний пореформенной России. Большая аудитория Политехнического музея открылась в 1907 году и сразу стала важным центром культурной жизни. В 1913—1916 годах с трибуны Большой аудитории выступали Маяковский, Бурлюк, Бунин, разгорались диспуты о путях развития современной культуры. В 1918 году здесь проходили острые дискуссии между символистами, имажинистами, футуристами, на которых выступали Белый, Крученых, Хлебников, Есенин, Мариенгоф, Брюсов. С этой же трибуны в 1910-1920-х годах читали стихи Ахматова, Цветаева, Блок, Пастернак, Чуковский и другие. Бурные литературные баталии и многолюдные поэтические вечера прекратились в середине 1920-х – с тех пор репертуар Большой аудитории Политехнического полностью стал диктоваться требованиями официальной пропаганды и идеологической цензуры.
После установления советской власти Большая аудитория Политеха не раз становилась местом проведения показательных политических процессов. В августе 1920 года здесь проходил процесс по делу антибольшевистского «Тактического центра». По воспоминаниям Мельгуновой: «…публику пускали по билетам, каждой из нас дали на руки по 6-12 билетов, причем мы должны были предварительно записать всех, кому их раздадим с адресами, степенью родства и т. д.». Некоторые из обвиняемых до процесса не дожили, перед судом предстали 28 участников коалиции (в т.ч. С. Мельгунов, Н. Щепкин, С. Трубецкой), из них 19 были приговорены Революционным Трибуналом ВЦИК к расстрелу — с заменой на тюремные сроки.
26 апреля – 8 мая 1922 здесь проходили заседания Революционного Трибунала по т.н. Московскому церковному процессу. Сопротивление изъятию церковных ценностей, спровоцированное советской властью, стало поводом для начала серии процессов над священнослужителями и мирянами: священниками Христофором Надеждиным, Александром Заозерским, Василием Соколовым, иеромонахом Макарием (Телегиным) и мирянином Сергеем Тихомировым. 
4 мая заседание Политбюро, заслушав вопрос «О московском процессе в связи с изъятием ценностей» постановило «дать директиву Московскому трибуналу немедленно привлечь [патриарха] Тихона к суду», а также поручило «т. Троцкому от имени Политбюро сегодня же инструктировать редакторов всех московских газет о необходимости уделять несравненно большее внимание этому процессу и, в особенности, выяснить роль верхов
церковной иерархии».
5 мая патриарх Тихон был вызван в трибунал свидетелем. При появлении патриарха в Большой аудитории, по воспоминаниям очевидцев, три четверти публики безмолвно поднялось с мест. Патриарх держал себя с достоинством, говорил спокойно и ясно, взял на себя всю ответственность за написание и распространение воззвания от 28 февраля 1922 года, опротестовывавшем насильственное изъятие церковных ценностей. Трибунал, под председательством М. Бека, настойчиво добивался от патриарха признать воззвание незаконным. Патриарх возражал: «С точки зрения советского закона – незаконно, с точки зрения церковной – законно».
Трибунал, в соответствии с директивой Политбюро, вынес частное определение о привлечении патриарха к уголовной ответственности и аресте. 11 человек были приговорены к расстрелу; из них 5 расстреляны, остальным расстрел заменен 5 годами заключения. Еще 23 человека приговорены к различным срокам заключения. 
В 1960-е годы Большая аудитория Политехнического музея снова стала центром культуры, став одним из символов «хрущевской оттепели». Здесь выступали Булат Окуджава, Владимир Высоцкий, Андрей Вознесенский, Белла Ахмадулина, Евгений Евтушенко и многие другие. Именно Большой аудитории Вознесенский посвятил стихотворение «Прощание с Политехническим» (Приложение 2).
Прервавшуюся было традицию представления независимой
Литературы Политехнический музей подхватил в первые же годы Перестройки. Здесь состоялись первые официальные публичные выступления Льва Рубинштейна, Дмитрия Александровича Пригова, Тимура Кибирова, Сергея Гандлевского, Михаила Айзенберга, Виктора Коваля и других."
41,"Мясницкий домзак","Трехсвятительский Мал. пер 2/7, 2/8","Мясницкая тюрьма, домзак (дом заключения), первоначально арестный дом, позднее исправтруддом – одна из первых тюрем, организованных в Москве при советской власти и активно использовавшихся в ходе ""красного террора"" для борьбы с контрреволюционерами. Находилась на территории бывш. Мясницкой полицейской части, в свою очередь занявшей Дом Остермана после 1812 г. Здания, входившие в состав тюрьмы, реконструированы и надстроены. В 1927 г. по инициативе администрации тюрьмы к тюрьме присоединили специально для этого закрытую церковь Трех Святителей на Кулишках, расположенную напротив. Мясницкая тюрьма была ликвидирована не позднее 1947 г. Ее здания стали использовать под жилье."
9,"Покровский Концлагерь","Большой Трехсвятительский пер. 1-3 и 3","Нынешний облик в русском стиле здание приобрело в 1898 году - оно было перестроено архитектором П.А. Дриттенпрейсом, а после смерти Морозовой в 1911 году особняк считался одним из самых дорогих  домов в Москве. Во время июльского мятежа 1918 года в здании базировался штаб левых эсеров. Здесь обосновался отряд ВЧК под командованием левого эсера Попова. В отряде насчитывалось 800 человек, 8 орудий, 2 броневика и с десяток пулеметов. Эсерам удалось арестовать прибывшего для переговоров Дзержинского и еще нескольких руководителей. 7 июля 1918 года части латышской дивизии под командованием И. И. Вацетиса начали наступление на главный опорный пункт в Большом Трехсвятительском переулке, где восставшие поставили орудия, обстреливавшие Кремль. Вскоре все было кончено - эсеры бежали из особняка, и заложников освободили. После подавления мятежа сюда приезжали Дзержинский и Ленин.
В морозовском доме (№1(-3)) и в соседнем строении (д. № 3) с 1919 и до конца 1920х - начала 1930х гг. находилась специализированная тюрьма ВЧК-ОГПУ, так называемый ""Покровский концлагерь"", в котором содержали, главным образом, бывших царских офицеров и белогвардейцев.
Известно, что в мае 1920 года в Покровском концлагере содержалось около 1300  (по другим сведениям 1092 человека) офицеров Северной армии, в основном, сдавшихся под Сороками и на Мурманском фронте. В июне 1920 года офицеры, содержавшиеся в Покровском лагере, были отправлены на Север и расстреляны."
37,"Рождественский концлагерь","Рождественка 20","На территории Рождественского монастыря, как и в других московских монастырях, с 1 июня 1920 г. находился концлагерь. В числе прочих заключенных здесь содержались польские военнопленные. Не позднее 1923 года концлагерь был закрыт. В 1922 году был окончательно закрыт монастырь, имущество было конфисковано. В 1923 году монахини, обитавшие до тех пор на территории монастыря, были вытеснены, многие арестованы, и сосланы на Соловки. Монахиню Татиану Бесфамильную арестовали в  1937 году по делу архиепископа Дмитрия Добросердова, держали в тюрьме на Лубянке и  расстреляли на полигоне в Бутово. После этого в монастыре устраивают коммунальные квартиры. Собор Рождества Богородицы был отдан под клуб милиции. В 30-е годы было уничтожено монастырское кладбище и сад, на их месте сделали искусственный холм и на нем построили школу."
11,"Гостиница ""Метрополь"", 2-й дом Советов","Театральный проезд 2","Во время уличных боев в Москве 25 октября—2 ноября 1917 г. гостиница оказалась в центре сопротивления вооруженным силам большевиков. Ее заняли отряды юнкеров; бои за ""Метрополь"" велись в течение шести дней. Лишь применение артиллерии, установленной у Большого театра, и последовавший штурм, которым руководил М. Фрунзе, вынудили юнкеров оставить здание. В 1918 г., сразу же после переезда советского правительства в Москву, ""Метрополь"" превратился в одну из главных резиденций новой власти, получив название 2-го Дома Советов (1-ым Домом Советов стала гостиница ""Националь""). Здесь до 1919 г. в переоборудованном помещении ресторана проводились заседания ВЦИК, на которых регулярно выступали Ленин и Троцкий; на втором этаже находилась приемная Я.Свердлова, председателя ВЦИК. В номерах гостиницы проживали некоторые видные большевики — Г.Чичерин, Н.Бухарин, В.Антонов-Овсеенко. Председатель Военной Коллегии Верховного Суда В. Ульрих проживал в гостинице ""Метрополь"" вплоть до 1948 г.
Первоначально все здание опоясывала майоликовая надпись Ф. Ницше: ""Опять старая истина, когда выстроишь дом, то замечаешь, что научился кое-чему"". В советские времена в той части фасада, которая выходит на сторону современной Площади Революции была сделана  еще одна надпись: ""Только диктатура пролетариата в состоянии освободить человечество от гнета капитала. В. Ленин "". В конце 1920х гг. ""Метрополю"" вернули его прежний статус — отеля мирового уровня, в котором нередко останавливались именитые гости. В здании 2-го Дома Советов некоторое время в 1920е гг. находилось Всесоюзное общество связи с заграницей, председателем которого в 1925-29 гг. была О.Д.Каменева, сестра Л.Д.Троцкого и жена Л.Б.Каменева. После процесса над Каменевым О.Каменева и двое ее детей были арестованы и впоследствии расстреляны."
12,,"Большая Лубянка 12","Дом, построенный в 1928-29 гг. в постконструктивистском духе ""пролетарской классики"" архитекторами  И. А. Фоминым и А. Я. Лангманом для клуба ""Динамо"" - спортивной секции ОГПУ, основанной в 1923 году. Сложная система строений увенчана 14-этажной башней, самым высоким зданием довоенной Москвы. В доме находились служебные кабинеты и квартиры служащих ОГПУ, закрытый клуб (в котором в марте 1937 года новый нарком внутренних дел Николай Ежов выступил на активе руководящих работников ГУГБ НКВД, ""обосновав"" чистку кадров предыдущего главы ведомства Генриха Ягоды работой последнего на германскую разведку), кинозал, продуктовый магазин-спецраспределитель  (позже ставший  т.н. ""гастрономом № 40""), управление войск НКВД по Московской области, кооперативное управление НКВД и другие ведомственные структуры."
36,"Гостиница ""Селект""","Большая Лубянка 21","С 1918 года гостиница ""Селект"" стала ведомственной гостиницей ВЧК. Здесь останавливались чекисты, приезжавшие в Москву из других городов, а также коминтерновцы. В годы Большого террора прямо в гостинице многих из них и арестововывали."
15,"Народный Комиссариат Иностранных Дел","Кузнецкий мост 5/21","Располагался в доходном доме 1го Российского страхового общества, сооруженном в 1905-1907 гг. Архитекторы Л.Н.Бенуа, А.И.Гунст. Наркомат находился в этом доме с 1918 по 1952 год. В годы Большого террора немало дипломатов и работников центрального аппарата НКИД были арестованы и расстреляны НКВД. С 1939 г. наркомом иностранных дел был В.Молотов, который вместе со Сталиным визировал ""расстрельные списки""."
39,"НаркомВодного Транспорта","Петровка 3/6","Здесь в 1931-39 гг. находился Наркомат водного транспорта СССР. Все 3 руководителя наркомата, Н.Янсон, Н.Пахомов и Н.Ежов были расстреляны. Янсон и Ежов при этом были сами причастны к репрессиям. Ежов в 1936-38 гг. руководил НКВД. Его назначение наркомом водн. тр-та предвещало скорую опалу – на посту Наркома внутр. дел. его сменил Берия, а вскоре последовали арест и казнь Ежова."
35,"Наркомюст СССР","Кузнецкий мост 13/9","Здесь с 1930 г. находился Наркомюст РСФСР, руководивший всей советской судебной системы. Нарком юстиции Н. Крыленко, выступавший в 1920-30е гг. обвинителем на политических процессах, организованных ОГПУ, в годы Большого террора сам пал жертвой репрессий. В состав НКЮ также входила и союзная прокуратура СССР. В 1936 г. принимается конститутция СССР, согласно которой прокуратура СССР была отделена от Наркомюста и начала работать автономно от других гос. органов. Позже в здании располагались две структуры, подчиняющиеся прокуратуре СССР: Московская губернская (областная) прокуратура и прокуратура РСФСР."
21,"ЦК ВЛКСМ","Маросейка 3","Здесь с 1935 года располагался Центральный Комитет ВЛКСМ (Всесоюзного Ленинского Коммунистического Союза Молодежи - Комсомол) - высший орган молодежного крыла партии. Формальными главами ЦК комсомола были первые секретари. Почти все первые секретари ЦК комсомола с 1918 по 1938 год (Е.В.Цетлин, О.Л.Рывкин, Л.А.Шацкин, П.И.Смородин, Н.П.Чаплин и А.В.Косарев) были расстреляны. ""Повезло"" лишь А.И.Мильчикову, его отправили в лагерь."
48,"Дом Коммуны ОГПУ №5","Варсонофьевский 8","№ 8, стр. 1-4 — Доходный дом А. Г. Гагарина (1892, архитектор Н. Г. Фалеев)"
22,"Церковь Николая Чудотворца в Кленниках","Маросейка 5","С 1919го года настоятелем храма был (новомученик) протоиерей Сергей Мечев. В 1929 году его вместе с двумя другими священниками храма и некоторыми прихожанами арестовали. Впоследствии протоиерей был арестован в ссылке еще дважды. 22 ноября 1941 он был приговорен к расстрелу военным трибуналом войск НКВД Ярославской области, а 6 января 1942 расстрелян. Храм был закрыт на Благовещение в 1932 году, тогда же арестовали последнего священника храма, остававшего на свободе. С храмом и его общиной были тесно связаны многие российские новомученики: патриарх Тихон, священномученики Фаддей Успенский и Петр Петриков, святитель Афанасий Сахаров.
Закрыта в канун Благовещения в 1931 году. Церковь вместе с колокольней были обезглавлены. В ней расположились хозяйственные склады и подсобные кабинеты ЦК ВЛКСМ, основное помещение которого находилось в соседнем доме №3. В алтаре например располагались кассы бухгалтерии."
18,"Дом Ягоды","Милютинский пер. 9","В 1927-1928 гг. архитектор Лангман построил экспериментальное трехэтажное здание - конструктивистский жилой дом, с элементами модернистской архитектуры. В первые годы здесь размещался Московский областной союз касс взаимопомощи и взаимного страхования промкооперации. Однако уже в начале 30х дом был перепрофилирован под жилые квартиры, куда сразу вселились высокие чины ГПУ при НКВД СССР - советской политической полиции. Среди них - Генрих Ягода, в честь которого дом и получил неофициальное название ""ягодинский дом"" или ""особняк Ягоды"". По немногочисленным свидетельствам окружения обитателей дома, внутри планировка несколько раз менялась, дом перестраивался по приказу начальства. Ягода давал здесь ""званые обеды"" и ""ужины"" для своих друзей. Многие из коллег (из них - 11 человек соседей по дому) вслед за Ягодой были арестованы и расстреляны в 1937-1938 гг. - когда, вместе с приходом в НКВД нового руководства, было отстранено от дел и физически уничтожено старое. Впоследствии никто из них не был реабилитирован. После войны дом отдали Польскому торговому представительству. В настоящее время он сдаётся под офисы."
19,"Храм Великомученика Георгия Победоносца в Старых Лучниках","Лубянский проезд 9 стр. 2","Церковь XV века была закрыта в 1932 году. У храма снесли кресты, декор, разобрали главы, барабаны и шатер колокольни, заложили главный вход. В здании расположилось общежитие НКВД. Последний настоятель храма протоиерей Владимир Проферансов с 1923 по 1925 год состоял секретарем преследуемого патриарха Тихона. 9 января 1932 года настоятеля храма рядом с Лубянской площадью вызвали в ОГПУ для допроса и предложили сотрудничество. Протоиерей отказался, поэтому 8 февраля он был арестован и доставлен в Бутырскую тюрьму. 14 марта приговорен Особым Совещанием ОГПУ к трем годам ссылки, которую отбывал в Семипалатинске. После возвращения из ссылки поселился в Можайске. 5 декабря 1937 года священник был арестован второй раз, 8 декабря приговорен Тройкой НКВД к расстрелу, а 15 декабря расстрелян на Бутовском полигоне."
60,"Центр. Польский рабочий клуб (и биб-ка)м
Польский
рабочий центр","Милютинский 18, Милютинский 15","В этом доме с 1920х гг. помещался Клуб ветеранов польского рабочего движения. Переулок издавна был центром притяжения для моск. поляков. В соседнем с клубом доме размещались Польский центр и библиотека. Поляки стали массовой жертвой возрастающего с конца 1920х гг. террора. В 1935–38 гг. польские структуры были уничтожены. Помощью польским подданным в России занималось Бюро Уполномоченного Польского Красного Креста."
24,"Бюро уполномоченного Польского Красного Креста","Кривоколенный 8 кв. 14","Одна из трех легально работавших в первые годы советской власти организаций, помогающих осужденным по политическим мотивам и их семьям. Образовано Польским Красным Крестом в конце 1920 г., цель – попечение обо всех польских военнопленных, гражданских пленных, интернированных и заложниках, находящихся на территории Советской России, организация репатриации в Польшу. 
За 1921–1924 гг. было репатриировано около 1,1 млн чел. Уполномоченным стала Е.П. Пешкова, ее помощником – М. Л. Винавер. Был арестован в 1937 г., обвинен в шпионаже в пользу Польши и приговорен к 10 годам заключения. В апреле 1937 г. Бюро было ликвидировано по распоряжению Н.И. Ежова.
-
В октябре 1920 г. в Бюро уполномоченного Польского Красного Креста числилось три сотрудника. К февралю 1921 г. их было 32. Все служащие Бюро утверждались Особым отделом ВЧК и получали одинаковую зарплату и  одинаковый месячный паек."
26,"Артель ""Технохимик""","Большой Златоустинский 13","Вскоре после введения нэпа, в 1921 г., было создано Всероссийское общество инвалидов-кооператоров (ВИКО). Инвалиды (в большинстве своем мужчины, вернувшиеся с Гражданской войны) стали создавать артели и цеха, объединявшие надомников. Артели создавались на средства самих инвалидов и управлялись пайщиками на демократической основе. В 1938 г. более 20 ""технохимиков"" были арестованы и расстреляны в один день вместе с членами других московских артелей - 7 марта 1938 г."
30,"Союз Безбожников","Неглинный пр. 21","Бывший доходный дом, построенный в 70-е годы XIX века. С 1899 по 1903 гг. здесь была редакция газеты ""Курьер"" - с ней сотрудничали Чехов, Бунин, Горький и др. ""Союз Безбожников"" въехал по этому адресу в 1920е годы, здесь размещалась его ""главная контора"". Союз, учреждённый на основе издававшейся с 1922го по 1941й гг. газеты ""Безбожник"", занимался пропагандой атеизма - организацией митингов, музеев и выставок, лекциями и выпуском книг (самая известная из которых - ""Библия для верующих и неверующих"" под редакцией Е. Ярославского). В 1929 г., в первую пятилетку, общество переименовано в ""Союз воинствующих безбожников"",  объявивший войну верующим в деревне. Кампания ""научного просвещения"" была тесно связана с репрессиями в отношении священников, членов их семей, церковных прихожан. По данным официальной статистики к середине 30х гг. число членов общества безбожников в СССР превышало 3 миллиона человек. После перемен во взаимоотношениях между церковью и государством в ходе войны, в 1947м ""Союз..."" был упразднён, и передал часть своих реально действующих полномочий всесоюзному обществу ""Знание""."
33,"ВХУТЕМАС","Рождественка 11 и Мясницкая 21.","ВХУТЕМАС (Высшие художественно-технические мастерские) — учебное заведение, созданное в 1920 г. путем объединения Государственных свободных художественных мастерских. В разное время в нем преподавали В.В. Кандинский, Л.М. Лисицкий, К.С. Мельников, П.В. Митурич, А.М. Родченко, В.Е. Татлин, В.А. Фаворский, свящ. П.А. Флоренский (репрессирован в 1937 г., посмертно реабилитирован), Ф.О. Шехтель. В 1926 г. реорганизован во ВХУТЕИН. В 1930 г. в ходе кампании «борьбы с формализмом в советском искусстве» был расформирован, основная часть факультетов была преобразована в самостоятельные институты (Текстильный, Полиграфический и др.). Частично реорганизован в Московский архитектурный институт МАИ (МАРХИ) (1933). По адресам Мясницкая 21 стр. 8 и 21 стр. 5 находились жилые дома-коммуны ВХУТЕМАСа."
45,"Московский Институт востоковедения им.Нариманова при ЦИК","Армянский переулок 2","Московский Институт востоковедения им.Нариманова при ЦИК существовал с 1920го по 1954 год. Образован на базе Лазаревского института. В 1927 принято решение о реорганизации института, и он стал называться Московским институтом востоковедения им. Нариманова. В 1930е годы очень многие сотрудники Института Востоковедения поджверглись репрессиям, директор Института в 1927-28 гг. Санджар Джафарович Асфендиаров был расстрелян. В 1954 году Московский институт востоковедения был закрыт."
34,"Государственный музей В.В. Маяковского","Лубянский проезд 3/6 стр. 4","Музей расположен во дворе дома № 6 по Мясницкой улице (один из доходных домов Н.Д. Стахеева (1897–1899), архитектор М.Ф. Бугровский). В этом доме с 1919 по 1930 год жил Маяковский (у него была маленькая комната в коммунальной квартире). В этом доме он покончил с собой. Комната Маяковского («комнатенка-лодочка») – единственное историческое место в музее.
В корпусе дома в начале XX века жил художник М. Врубель. В 1918 году дома «Стахеевского подворья» национализировали и передали Всероссийскому Совету народного хозяйства (ВСНХ), в них появились конторы, учреждения, первые коммуналки. Внизу располагалось правление конторы Главтопа (Главного топливного комитета). Здесь, помимо прочих дел, выдавали продовольственные карточки сотрудникам ведомства."
38,"Московская большая хоральная синагога","Большой Спасглинищевский пер. 10","Московская хоральная синагога построена в 1891 г. В 1920е годы в синагоге проводили ревизии и выносили серебрянные, золотые культовые предметы. В 1927 г. раввином в хоральной синагоге стал Иегуда Лейб Медалье. 4 января 1938 г. раввин и семь человек из правления Московской Еврейской Религиозной Общины (МЕРО) были арестованы. В газете ""Безбожник"" была опубликована статья ""Вражеское гнездо в синагоге"". 26 апреля 1938 года Военная коллегия Верховного Суда СССР приговорила раввина к расстрелу с конфискациейвсего его личного имущества.
Осенью 1948 г. молитвенный зал синагоги посетила посол государства Израиль Голда Меир. Московские евреи восторженно приветствовали посла еврейского государства. Возможно, именно эта восторженность вызвала негодование Сталина и спровоцировала разгром Еврейского Антифашисткого Комитета, ""дело врачей"" и всплеск антисемитизма."
1,"Соловецкий камень",,"Памятник жертвам политических репрессий ""Соловецкий камень"" был доставлен на Лубянскую площадь по инициативе общества ""Мемориал"" на средства правительства Москвы с того причала, где в 1919-33 гг. находился Соловецкий лагерь особого назначения, а в 1937-39  Соловецкая тюрьма особого назначения. Открытие памятника состоялось 30 октября 1990 года."
10,"УШОСДОР","Кузнецкий мост 19","В этом доме находилось Управление Шоссейными дорогами (УШОСДОР) по Московской области. Ведомство занималось ремонтом и поддержанием дорог в регионе и входило в часть ГУШОСДОРа (Главного управления), которое в 1936 – 1953 гг. вело строительство важнейших союзных автодорог силами заключенных, польских военнопленных (1939), военнопленных Второй мировой войны (1942 – 1949), также привлекая и местное сельское население на условиях безвозмездного труда 6 дней в году. При стройках создавались специальные исправительно-трудовые лагеря, объекты местного заключения и т.д. Силами заключенных и военнопленных были построены трассы Москва – Киев, Москва – Минск, Тарнополь – Львов, Хабаровск – Биробиджан, Колымская трасса и тысячи километров других дорог."
13,,"Большая Лубянка 13","Здесь находился клуб ВЧК."
14,"памятник Дзержинскому",,"Выполнен скульптором Е.В. Вучетичем (архитектор Г. Захаров) в 1958 году. Глава штаба по борьбе с ""контрреволюцией"", Дзержинский был одним из организаторов фальсификаций следственных дел, именно в его эпоху и под его руководством создавалась советская система концлагерей.  Народное название памятника - ""карандаш"". Спустя 33 года - в августе 1991-го, после поражения ГКЧП, памятник был демонтирован по решению Моссовета и перенесён в парк, расположенный у Центрального Дома Художника (будущий музей искусств ""Музеон"")."
16,,"Варсонофьевский 2","В доме № 2/10 располагалось общежитие для работников Лубянки - дом-коммуна ГПУ. Рядовые сотрудники имели маленькие комнатушки, где едва помещалась кровать, часто отсутствовала даже посуда. Получали они около 150 руб. Начальники отделов – по 210. Из них 50 отдавали за квартиру (это был кооператив), а потом шли бесконечные выплаты в ""добровольные общества"": Авиахим, МОПР, Добролет, ""Друг детей"", ""Шеф деревни"", займы, партвзносы, помощь бастующим за границей рабочим и т.д. Многие жители кооператива были вечными должниками, у них не хватало даже на белье. Выделялись сотрудники ИНО в прекрасных импортных костюмах и шляпах, модных галстуках. Многие из жителей гэпэушного кооператива были расстреляны в 1930е годы."
17,"Дом Абакумова","Колпачный переулок 11","Дом построен по проекту архитектора Глазова (1912). В 1949 году глава МГБ Абакумов заказал архитекторам Рыбацкому и Филатову переустройство дома. В их распоряжении оказалось две сотни рабочих. Было выселено 16 семей, общий метраж квартиры составил более 300 метров. Во время ремонта вместо обоев использовался шелк. Масштабы истраченных средств были таковы, что, после окончания работ, Абакумов уничтожил всю документацию."
25,"Перевал","Кривоколенный пер. 14","Советская литературная группировка (1923–1932). Организована под руководством критика Александра Воронского (арестован как троцкист и расстрелян в 1937 г., реабилит. в 1957 г.) при журнале ""Красная новь"". В нее входили поэты и прозаики М. Светлов, М. Голодный, Артем Веселый (арестован как член антисов. терр. организации в 1937-м, расстрелян в 1938-м, реабилит. в 1956-м), М. Пришвин, А. Платонов, Э. Багрицкий, Д. Кедрин и др. 
Группу резко критиковали в рапповской печати за ""реакционность"", сочли, что она борется с пролетарской литературой, ""исходя из троцкистского отрицания пролетарской культуры"". В 1927–1930 г., когда РАПП усилил нажим на все писательские группировки, ""Перевал"" покинули многие писатели.
После партийного постановления 1932 г. ""О перестройке лит.-худ. организаций"" П. прекратил свое существование."
27,"Всероссийское меннонитское сельскохозяйственное общество","Большой Черкасский 7","ВМСХО, как центральная организация меннонитов в России, функционировало с 1923 по 1928 гг. Согласно Уставу ВМСХО, утвержденному Президиумом ВЦИК, главная цель общества заключалась в восстановлении, развитии и совершенствовании сельского хозяйства и перерабатывающей промышленности, поднятии культурного уровня и благосостояния сельского хозяйства меннонитов, а также сельскохозяйственного производства России в целом. Деятельность меннонитов шла вразрез с аграрной политикой большевистской партии, но советское руководство вынуждено было первое время терпимо относиться к меннонитам. Что отчасти объяснялось их тесными контактами с меннонитами за границей, получением оттуда финансовой и технической помощи. В 1928 году общество было закрыто, в 1929 году около 4000 российских меннонитов удалось эмигрировать из России, оставшиеся - в массовом порядке подверглись репрессиям по всей стране."
29,"Международный крестьянский совет","Старая пл. 5/8 3-й этаж","Руководящий орган Крестьянского интернационала (Крестинтерна), главный штаб которого находился по этому адресу с 1925-го года. Общество работало до 1931-го года, издавало журнал ""Крестьянский интернационал"", декларировавший задачи ""борьбы за права трудового крестьянства по всему миру"". Несмотря на активную деятельность югославских и болгарских коммунистов, Крестинтерн к концу 20-х утратил своё политическое влияние. Позднее, в годы Большого террора многие видные деятели общества были репрессированы за свои связи с иностранными коммунистами.Так, главный секретарь общества в 20-е годы - Александр Петрович Смирнов - был арестован в 1937-м году за участие в ""оппозиционной группе"". Расстрелян в 1938, реабилитирован в 1958-м."
31,"О-во бессарабцев ""Прочь руки румынских захватчиков от Бессарабии""","Мясницкая 31","""Общество бессарабцев СССР"" основано 4 мая 1924 г беженцами и политэмигрантами из этой области, занятой румынскими войсками в 1918 году. Активисты общества выступали за присоединение Бессарабии к СССР, и в апреле 1925 г. провели здесь свой первый союзный съезд. Общество издавало ежемесячник ""Красная Бессарабия"". Многие члены общества (в их числе его председатели - Давид Скалов, Филипп Левензон), расстреляны в 1938 г. в ходе репрессивной кампании против национальных и общественных организаций. Во второй половине 50-х годов они были реабилитированы."
32,"Российское телеграфное агентство (РОСТА) ТАСС","М. Лубянка 16, кв. 21","В правом, смотря от Большой Лубянки, углу образовавшейся площади стоит большой пятиэтажный респектабельный жилой доходный дом, построенный в 1904-1905 годах по проекту архитектора В.В.Шауба (1861-1934) для одного из крупных страховых обществ. Он занимает конец квартала, выходит на три улицы и имеет три адреса: Малая Лубянка, 16, Сретенский переулок, 4, Милютинский переулок, 11. Уже по одному этому можно судить о его величине.
В 1919-1922 годах в этом здании помещалось РОСТА - Российское телеграфное агенство, организация, в задачу которой входили сбор и распространение информации, а также пропагандистская и агитационная работа в самой разной форме. При агентстве существовали литературный, театральный, художественно-изобразительный отделы. Последний выпускал плакаты, художественно оформленные лозунги и - великолепное изобретение тех лет ""Окна сатиры РОСТА"" - плакаты ручной работы, мгновенно откликающиеся на злобу дня, снабженные хлесткими подписями чаще всего в форме народного раешника. По сути дела, это было возрождение в современной форме традиционного лубка. У ""Окон РОСТА"", развешенных по Москве в пустых витринах магазинов, постоянно толпились люди, и наиболее удачные подписи быстро распространялись московской молвой.
Своей популярностью ""Окна РОСТА"", главным образом, обязаны литературному и художественному таланту В.В.Маяковского. ""Сделал тысячи три плакатов и тысяч шесть подписей"", - подводит Маяковский итог своей работе в РОСТА в автобиографии.
Созданные им гротескные образы персонажей агитационных плакатов, как положительных - рабочего, крестьянина, красноармейца, красного командира, так и отрицательных - буржуя, кулака, спекулянта, белого генерала, деятелей Антанты, - стали классическими и в сознании нескольких поколений существуют именно такими, какими были нарисованы Маяковским.
Само помещение РОСТА и работа в нем - великолепная и характерная картина эпохи. Профессор-литературовед А.В.Февральский, автор многих статей о В.В.Маяковском, работал в РОСТА со времени его создания и в своих воспоминаниях описал этот дом:
""Помещалось РОСТА в большом доме на Малой Лубянке, 16, выходящем также на Сретенский и Милютинский переулки. Основные отделы (за исключением иностранного) занимали весь четвертый этаж дома. Это здание представляет собой обыкновенный жилой дом, внутри которого находится двор. В то время во всех квартирах четвертого этажа были пробиты ходы в смежные квартиры. И, направляясь по коридорам РОСТА, можно было обойти кругом все учреждение и прийти на то же место с противоположной стороны. Время было неспокойное, поэтому все подъезды, кроме одного, были постоянно заперты, и жильцы первых трех этажей попадали в свои квартиры через черные ходы со двора. Многие жильцы дома поступили на работу в РОСТА, а некоторые сотрудники РОСТА поселились в доме, и, значит, большинство населения дома жило общими интересами.
В том же доме на различных этажах были размещены библиотека, бюро вырезок, Московское губернское отделение РОСТА, а также клуб и столовая...
У входа в здание на площадке первого этажа был установлен скульптурный бюст Карла Маркса. Затем посетитель, поднявшись на четвертый этаж, мог, идя по коридорам, последовательно обойти несколько десятков комнат. В них помещались ответственный руководитель РОСТА и основные отделы учреждения. От коридоров отходили многочисленные закоулки.
Художественный отдел РОСТА занимал несколько комнат, окна которых выходили на Малую Лубянку и частью на Сретенский переулок.
Открыв дверь в одну из этих комнат, посетитель обычно попадал в клубы табачного дыма. Сквозь дым вырисовывались три фигуры огромного роста, с папиросами в зубах; все трое рявкали басом. Иной раз они лежали на полу, рисуя плакаты или ""Окна сатиры РОСТА"", и приходилось шагать через плакаты и через них самих. Троица эта была ""коллегией художественного отдела"": Владимир Владимирович Маяковский, Михаил Михайлович Черемных и Иван Андреевич Малютин. Черемных был заведующим художественным отделом, а Маяковский и Малютин считались внештатными сотрудниками, но работали все одинаково много и дружно.
К многочисленным трудностям, возникавшим из самой новаторской природы работы РОСТА, прибавлялись еще не меньшие трудности бытового порядка, связанные с условиями жизни тех лет.
В здании РОСТА центральное отопление не действовало, как и по всей Москве. Через коридоры тянулись трубы от железных печурок, так называемых буржуек, обогревавших комнаты, точнее сказать, предназначенных для обогревания комнат, часто дров не было, и мы работали в шубах, пальто или шинелях. Иной раз на голову человека, проходившего под трубой, падало несколько капель жидкой сажи.
Холода и недоедания старались не замечать. Согревались кипятком или странным напитком, имитировавшим чай, с сахарином (если не доложить сахарина или переложить его, получалась горечь, надо было попасть в точку)"". Из книги: Владимир Муравьев. Истории московских улиц. В ранние советские годы руководство ТАСС часто менялось. В том числе двое глав агентства:
Л.Н. Старк(Рябовский) (1889-1937), руководивший агентством   в 1917-1919 годы, позднее был на дипломатической работе и в 1936—37 — уполномоченный НКИД СССР при правительстве ЗСФСР.
В 1937 году Л. Н. Старк был внезапно отозван из-за рубежа. Значится в расстрельном списке от 15 сентября 1937. Расстрелян в Тбилиси. Однако в некоторых источниках указано, что он скончался в заключении в 1943 году. Реабилитирован посмертно.
Один из самых ярких глав агентства – член Главполитпросвета и ответсвенный секретарь РОСТА с 1922 и ответственный руководитель ТАСС  с 1925 года – Я.Г. Долецкий (Фенигштейн) (1888-1937). При нем ТАСС стал считаться агентством мирового  уровня. Долецкий застрелился 19 июня 1937, узнав о грядущем аресте.
После войны Сталин  также провел значительную ""чистку"" в ТАСС."
100,"Главрепертком","Чистопрудный бульвар, 6 ","“Комедия
неприемлема
в виде таком”.
Сказали
и
головой покачали.
Уважаемый
товарищ Главрепертком,
заходите
не в конце,
а в начале.
(Маяковский В.В. Лозунги для спектакля “Баня”)

Этот лозунг, обращенный к «товарищу Главреперткому», возник в результате затруднений, испытанных Маяковским при прохождении пьесы «Баня» через цензурное ведомство. Остросатирическая “драма в шести действиях с цирком и фейерверком” поступила в Главрепертком 23 ноября 1929 г. Лишь 9 февраля 1930 года пьеса была разрешена к постановке. По указанию Главреперткома Маяковскому пришлось смягчить отдельные места в тексте.
Комитет по контролю за репертуаром был образован по постановлению Совнаркома РСФСР 9 февраля 1923 года при Главлите РСФСР. 26 февраля 1934 г. Комитет был переименован в Главное управление по контролю за зрелищами и репертуаром (ГУРК) и передан в состав Наркомпроса РСФСР. В его ведении оказался политико‑идеологический контроль над репертуаром кино, театра, а также – за исполнением музыкальных произведений. Репертком разместился в здании на Чистопрудном бульваре - вместе со всеми структурными подразделениями, действующими под руководством Наркомпроса.
В письме «Правительству СССР» от 28 марта 1930 г. Михаил Булгаков писал: ""Я не берусь судить, насколько моя пьеса остроумна, но я сознаюсь в том, что в пьесе действительно встает зловещая тень Главного Репертуарного Комитета. Это он воспитывает идиотов, панегиристов и запуганных “услужающих”. Это он убивает творческую мысль.Он губит советскую драматургию и погубит её. [...] Советская пресса, заступаясь за Главрепертком, написала, что “Багровый остров” - пасквиль. Это несерьезный лепет. Пасквиля на революцию в пьесе нет по многим причинам, из которых, за недостатком места, я укажу одну: пасквиль на революцию, вследствие чрезвычайной грандиозности ее, написать невозможно. Памфлет не есть пасквиль, а Главрепертком - не революция” .
Как отмечал Булгаков, борьба с цензурой Реперткома была его “писательским долгом”. ГУРК, тем временем, активно пользовался своими полномочиями. К. С. Станиславский под давлением Главреперткома предлагал заменить название романа “Белая гвардия” (по мотивам которого написана пьеса “Дни Турбиных”) на ""Перед концом"", которое Булгаков категорически отверг. 25 сентября 1926 г. “Дни Турбиных” были разрешены Главреперткомом только во МХАТе. 9 мая 1928 г. Репертком запретил булгаковскую пьесу “Бег” к постановке, затем, 11 октября, разрешил, а 20 октября запретил окончательно. На просьбу о постановке “Кабалы Святош” в Московском художественно театре цензурное ведомство 18 марта 1930 года ответило односложным отказом. В Мосгорсуде 2 апреля 1937 г. Булгакову пришлось доказывать, что пьеса “Александр Пушкин” (второе название - “Последние дни”) разрешена к Главреперткомом. Процесс писатель выиграл.
Главрепертком был упразднен при создании Министерства культуры СССР в 1953 г. Его заменили репертуарно-редакторские отделы в Комитет по делам искусств.
Дом № 6, в котором располагался Главрепертком, принадлежал Мусиным-Пушкиным, был перестроен в конце 19 века архитектором П.Д.Соколовым для правления Московско-Воронежской ж.д. Наркомпрос занял здание в 1925 г.
Источники: 
1. Маяковский В. В. Полное собрание сочинений в тринадцати томах. Том 11. Пьесы 1926—1930 годов и киносценарии.
2.Соколов Б. В. Булгаков: энциклопедия."
101,"Ивановский монастырь","Малый Ивановский пер., 2","Время основания монастыря точно не известно, впервые упоминается в 1584 году.
Этому монастырю и до 1917 года приходилось бывать местом заточения – так, например, в 1768 году по указу Екатерины II в Ивановский монастырь в специальную келью без окон была помещена помещица Салтычиха – Дарья Николаевна Салтыкова, замучившая до смерти несколько десятков своих крепостных. В монастыре она провела 33 года. (Московский дом Салтычихи находился на углу Кузнецкого моста и Большой Лубянки – там теперь новое здание ФСБ).
К 1917 году в Ивановском женском монастыре проживало 44 монахини и 33 послушницы, около 200 послушниц жили на испытании. После установления советской власти Ивановский монастырь был закрыт одним из первых в Москве. Были ликвидированы банковские счета, помещения конфискованы в пользу государства, лазарет закрыт, монахинь постепенно выселили.
В конце 1918 года на территории монастыря был устроен концлагерь, который находился в распоряжении Главного управления мест заключения, затем Исправительно-трудовой дом (исправтруддом) на 350 заключенных. От заключенных концлагеря в Ивановском монастыре в Политический Красный Крест приходило множество писем-ходатайств от дворян, царских офицеров, заключенных в монастырском концлагере, а также от привезенных сюда ""кронштадтцев"" – участников кронштадтского восстания.
Расстрелы здесь могли проводиться, оставаясь незамеченными, в глубоких подвалах под громадным Иоанновским собором (в течение нескольких десятилетий здесь находился тир МВД, где проводилась учебная стрельба). В 1922-23 годаъ к Ивановскому концлагерю был присоединен в качестве женского отделения Ордынский лагерь принудительного труда, помещавшийся на ул. Б. Ордынка, 18.
С 1924 года в Ивановском монастыре находилась Московская фабрично-трудовая колония. Приказом от 13 октября 1926 года реорганизована в экспериментально-пенитенциарное отделение при государственном институте по изучению преступности и преступников, позже здесь находились другие учреждения НКВД.
Всего с 1918 по 1922 год в Москве было оборудовано не менее 11 концлагерей, москвичи считали ""расстрельными"" Андроников и Новоспасский монастыри.
Позже в главном дворе монастыря и окружающих его зданиях располагалась Высшая юридическая заочная школа МВД СССР, которая воздвигла перед храмом истукан в виде штыка: памятник погибшим в 1941-1945 годах работникам НКВД. Школой МВД был занят и надстроенный настоятельский корпус с северо-запада от собора (здесь, в числе прочего, находилась лаборатория полевой криминалистики). Больничный корпус с церковью Елизаветы принадлежал 1-му району эксплуатации теплосети ""Мосэнерго"". 
Монастырь был возвращен Русской православной церкви в 1992 году."
59,,"Малая Лубянка 12/7 стр. 8","После революции 1917 г. агенты ЧК многократно производили обыски в католическом храме св. Людовика. Многие прихожане были репрессированы, а настоятели высылались из страны - из-за «удобного» местоположения храма, напротив здания ЧК, некоторых забирали прямо после службы. В приход постоянно внедрялись агенты-провокаторы. Все здания, принадлежавшие приходу, включая помещения гимназий, кроме самого храма, к 1919 г. были конфискованы. В 1922 г. при изъятии церковных ценностей, прихожане смогли спасти утварь, откупившись своими личными драгоценностями. С 1937 г. храм остался единственной действующей католической церковью в Москве и никогда не закрывался."
102,"Поалей Цион (ЦК с 1925, моск.к-т, ""Югент Поалей Цион)","Лубянский проезд, 2 (1923) снесен в 1966","Здесь находилась контора Еврейской социал-демократической рабочей партии «Поалей Цион». ""Поалей Цион"" была создана в 1900-01 году в Екатеринославе (Днепропетровск). Отделения партии возникали в промышленных центрах Польши, Украины и Беларуси и объединяли рабочих предприятий. Организация в 1907 году приняла программу, в которой главной целью заявлялось переустройство общества на социалистических началах путем борьбы еврейского интернационала в рядах интернациональной социал-демократии. Основном пунктом программы партии являлось требование создания территориальной автономии в Палестине. Организация участвовала в Революции 1905-07 годов, участвовала в выборах во Вторую Государственную Думу, к весне 1917 года численность партии насчитывала 16 тысяч человек. Осенью 1917 года партия вступила в блок с меньшевиками-интернационалистами, требовали перехода власти к Учредительному Собранию. На Украине члены организации входили Центральную Раду и Украинскую директорию, в Белоруссии в Белорусскую раду, в Москве в Советы, однако в июне 1918 года члены организации были исключены из Советов всех уровней. Однако «Поалей Цион» сохранил право на легальное существование, в декабре 1922 года два делегата от партии участвовали в Первом Съезде Советов СССР. Тогда же партия объявила о своем самороспуске, некоторые члены вступили в ВКП(б). Оставшиеся члены создали Еврейскую коммунистическую рабочую партию Поалей Цион. В марте 1924 года в центральном бюро партии прошли обыски, а его члены отправлены в Среднюю Азию или высланы за рубеж. Осенью 1924 было арестовано около трех тысяч сионистов, которые были приговорены к длительным срокам. На протяжении второй половины 20-ых годов партия пыталась легализоваться, но после ряда неудачных попыток, в 1928 году организация окончательно прекратила свое существование. Бывшие члены партии арестовывались в 1930-ых годах, в 1936-1937 годах среди репрессированных также фигурировали фамилии бывших членов «Поалей Цион».
«Поалей Цион» стал основой для левых партий Израиля, а среди ее членов был первый премьер-министр Израиля Бен-Гурион. Здание по адресу Лубянский проезд 2 построено в 1826 году. Усадьба и доходный дом Шипова, народное название «Шиповская крепость», так как комнаты сдавались бесплатно и всем подряд. Дом облюбовали воры, грабители, а также скупщики краденного. Снесен в 1966 году."
103,"Мясницкая улица","Мясницкая улица","Бывшая Кирова, По этой улице в декабре 1934 года прошла грандиозная похоронная процессия от Ленинградского вокзала к Колонному залу. Газеты 1934"
,,,
,,"Варсонофьевские пер. 5","На этом месте располагался монастырь, давший имя переулку. От монастыря в наше время ничего не осталось. Церковь Вознесения, бывшая некогда монастырским собором была снесена в 1931 году, а на её месте построено современное здание, в котором сейчас находится Поликлиника № 1 ФСБ РФ."
,,"Варсонофьевский 10-12/7-9","Административное здание КГБ СССР (1970-е), сейчас — ФСБ РФ[1]."
,"Обком КПСС (обл.) 
Московский
обл.комитет ВКП(б)","Дмитровка Бол.,15а (1933) Старая пл. 6, (1962)","??"
,"Следственная комиссия","Дмитровка Бол. 22 (1918)","??"
,"6-й Дом Союзов","Колпачный  7  (МТС1935)","В особняке Ф.Л.Кнопа, перестроенном в 1870-е гг из здания 18 в. Архитектор Б.В.Фрейденберг."
,"московский комитет помщи ссср армении","армянский п 2","председатель м н тер-мкртчан"
,"Кооператив сотрудников и войск ОГПУ правление","Кузнецкий мост 13 (1926)",
,"Прокуратура Верховного суда СССР (1924-33)                      По надзору за ОГПУ Катанян","Кузнецкий мост 7/9 (1926)",
,"Дом Коммуны ОГПУ №3","Лубянка Бол. 1  (1926)",
,"Московское УКГБ","Лубянка Бол. 20 (1980-е?)",
,"Дом Коммуны ОГПУ №1",,
,"Дом Коммуны ОГПУ №4","Лубянка Мал. 3/6 (1926)",
,"Железнодорожная ЧК","Лубянка Мал. 7, кв.10","9_"
,,,
,"Мос Репертком","Маросейка, 5",
,,,
,"Жилой дом, 1923","Милютинский переулок, 9, стр. 1",
,"Моск.о-во художников Бытие (пред.Кончаловский)","Мясницкая 24 кв.113",
,"Дом ВСНХ №5","Мясницкая 5 (1928)","Бывший доходный дом Г.А,Кепнева, построенный архиетктором Р.И.Клейном в 1907-1908 гг"
,"Главное управление милиции республики
Управление милиции
        г.Москвы
        Управление милиции
        Московской обл.
        Главное управление
        РК милиции при ОГПУ","Мясницкая 3, Тверской б-р, 15/а (1923)
Петровка, 38 (1940)
        Дурасовский пер.,
        11(1940)
        Мясницкая ул.,
        3 (1933)","проверяем в ГАРФе 14.10"
,"Дом коммуны поезда пред.РВСР","Мясницкая 48 (МТС1923)",
,"Общежитие НКВТ №2","Мясницкий пр. 3 (1926)",
,"8-й Дом Советов","Неглинная 11 (1923)",
,"7-й Дом Советов","Неглинная 9 (1923)",
,"Народный Комиссариат Здравоохранения СССР","Неглинная улица, дом 25/3? (на 1940)","проверяем адреса в ГАРФе 14.10
Народный комиссариат здравоохранения СССР (1936-1946) 
Создан постановлением ЦИК и СНК СССР от 20 июня 1936 года. В его состав вошла Всесоюзная Государственная санитарная инспекция при СНК СССР, образованная 26 июля 1935 г. В Наркомздраве СССР сосредоточивались общее руководство развитием здравоохранения в СССР и  и непосредственное управление курортами, санаториями, противоэпидемическаими учреждениями общесоюзного значения, предприятиями медицинской промышленности, санитарный надзор за предприятиями пищевой промышленности.
МИНЗДРАВ ОФИСНОЕ ЗДАНИЕ (улица Неглинная, 25 ) построено в 1924 году."
,,,
,"Управление Кремлем и домами ВЦИКа (московское комендантское управление)","Неглинная 9 (1923)",
,"Дом ВСНХ №14","Никольская 17/19 (1928)",
,"Дом ВСНХ №13","Никольская 7 (1928)",
,"5-й дом ЦИК СССР","Никольская 8 (1926)",
,"Спектр (светокопир.)","Новая пл.14, комн32 (1930)","Об-венная орг-ция"
,"Дом ВСНХ №1","Ногина пл. (1928)",
,"4-й Дом Союзов","Ногина пл. 1/2 б.гост. ""Деловой двор"" (1926) (МТС1935)",
,"ВСНХ ………………………………………","Ногина пл. Деловой двор. (1929)",
,"Сандуновский пер.","Сандуновский пер.","1й Неглинный пер."
,"17-й Дом Советов","Старая пл. 4 (1925)",
,"Московский Ревтрибунал","Тверской б-р, 18 (1923)","Солянка д.1 (1918)"
,"Тетральная пл.","Театральная пл.","1919-1994 Пл. Свердлова"
,"Театральный пр-д","Театральный пр-д","1961-1994 Пр-т Маркса"
,,,
,"Фуркасовский пер.","Фуркасовский","-"
,"Большой Черкасский","Черкасский Бол.","-"
,"Минюст СССР
ГУСО (Главн.упр-е
гражданских судебных органов) Минюста
СССР",,
,"7-й Дом Советов","Неглинная 9 (1923)","Манежная 9  (МТС1935)"
,"8-й Дом Советов","Неглинная 11 (1923)","Манежная 9  (МТС1935)"
,"ЦСУ","Трехсвятительский Б.ВУЗовский 2 (1927) Спасопесковская пл. 8 (1923)","Б.ВУЗовский 2 (1927)"
,"ПРИНКУСТ (Объединенный куст предприятий принудработ ""ПРИНКУСТ"" - бланк 4042-2-15-19) он же кустгумз","Трехсвятительский Бол. д.3 (1922) Покровский б-р 12 (1923)","Б.Трехсвятительский д.3 (1922)"
,"музей маяковского",,
,"стены и башни древнего Китай-города","Лубянка",
,,"Пункты карточки объекта: адрес, что именно за организация, чем занималась, роль в репрессивной машине, датировки, статистика, что-то характерное (?), реабилитация. Что в этом доме сейчас?",
,"жилой дом милиции","угол рождественки и одного из переулков",
,"институт мархлевского, ин-т нац меньшинств запада, сейчас Мориса Тереза","Маросейка, Петроверигский п. 10","Коммунистический ун-т национальных меньшинств Запада (КУНМЗ). Подготовка трудящихся нац. меньшинств Запада и западных окраин СССР для работы в области теории и практики коммунизма. Ректор - Фрумкина М.Я. (1926)"
,"Маленький спортивный центр, каток Между Петровкой и Неглинной, между 15 и 12","Петровка 26? или 24 или 22?",
,"Об-во политкаторжан и ссыльных поселенцев, на",,
,"Список биобиблиографический список политкаторжан и ссыльнопоселенцев - книга, издание. Волынский-Рабинович",,
,"Дом Госторга","Мясницкая, 47","http://progulkipomoskve.ru/publ/doma/mjasnickaja_47_byvshee_zdanie_gostorga/39-1-0-883"
,"дом где жил Тухачевский, Чижевское подворье","Богоявленский пер 3/5",
,"1924 при ЦИК (Воздвиженка 4) был создан Комзет (комитет по земельному устройству евреев - Ник 10). Смедович и др были расстреляны.","Никольская 10/2",
,"Моск обл бюро вербовки рабочей силы","неглинная 25","Вербовка рабочих для строительства, промышленности и заводов"
,"Типография изд-ва «Московский рабочий»","Петровка 17",
,"Харитоньевский (дом Юсупова) там жил Вавилов, во дворе аграрный институт (директор Чаянов) в 1929 году Сталин на конференции аграрников-марксистов вводит термин Чаяновщина. в 1930 арест чаянова, 3 окт 1937 расстрел",,
,"страстной б-р клуб латышский, все расстреляны.",,
,"манежная 9 кв. 13 Каменев, арестован там",,
,,,
,"Петровский пассаж КБ, будущие дирижабльстрой",,
,"храм Святого Людовика Французского","Малая Лубянка, дом 12А","Храм был построен в 1835 году архитектором Жилярди. Единственный католический храм в Москве, не закрывавшийся в советские годы. Приход подвергался суровым гонениям , многие прихожане были репрессированы. За храмом наблюдали многочисленные агенты ,  - его месторасположение также этому способствовало - из окон НКВД был виден каждый заходящий в храм. иногда арестовывали прямо на выходе из храме. В ранние годы советской власти сам храм и тайно рукоположенного епископа Пия Неве не трогали т.к. храм формально принадлежал Французскому посольству.  После 1936 ему был запрещен въезд в СССР, однако именно его свидетельства во многом повлияли на энциклику
Пия XI Divini Redemptoris от 19 марта 1937 года, содержавшую резкую критику коммунизма.                                                                  В 1918 г ночью 5 августа произошли массовые
аресты французов и англичан, среди которых, конечно же, было много католиков.
Они были размещены на Тверском бульваре в здании милиции, а их семьи, родные,
друзья собирались каждый вечер в храме св. Людовика, чтобы молиться за них.  Все здания, принадлежавшие приходу, включая
помещения гимназий, кроме самого храма, к весне 1919 г. были уже
конфискованы. В мае 1919 г.
Агенты ЧК приходили обыскивать храм на предмет подземных ходов и боеприпасов и
взломали алтарь . В дальнейшем он не раз подвергался взлому и осквернению. 

В 1922 г. при экспроприации церковных ценностей, прихожане сдали взамен личное серебро, 
, в полтора раза превышающее по весу то, что собрались конфисковать.   В 1935 на основании доносов многочисленных агентов , внедренных в приход, по сфабрикованному делу о ""тайной контрреволюционной организации церковников,
созданной по дерективам ""Русской комиссии"" в Ватикане негласным
представителем последнего в Москве, католическим епископом Евгением Неве"" были арестованы многие прихожане, тайные монахини и монашетсвующие.  

С началом войны и разрывом дипломатических отношений с
правительством Виши положение католиков стало совсем тяжелым.

После окончанием войны у верующих
появились надежды на смягчение религиозной политики властей:

«В Пасху 1946 года, впервые с 1923 года, мы звонили
в колокола. Это было удивительно для всех. Многие плакали. С тех пор мы
расплачиваемся за это каждое воскресенье». (м.Отт)

            После ВОВ в 1948 году в повторную волну арестов попала ключевая фигура прихода, староста Мадам Отт , приговоренная к 15 годам ИТЛ. Освобождена досрочно в 1958 г.    23 мая 1950 года, несмотря на дипломатические
усилия, храм Св. Людовика у посольства Франции отняли. Приход стал преимущественно польским.    Храм был всегда
открыт для богослужений, являясь витриной, демонстрирующей иностранцам —
дипломатам и туристам — свободу вероисповедания в СССР

Полный текст:
 https://docs.google.com/document/d/1JGrDa2dwRW5FvGDzaF3zwDhHFNWd1XADPhkKR_tDpBM/edit"
,"Наркомпрос","Чистопрудный 6",
,"Государственное издательство Госиздат","Рождественка 4/8 (1926)",
,"Московская губернская контрольная комиссия ВКП(б) МКК.","Рождественский бульвар 12",
,"Международный комитет красного креста, делегация в России","Никольская, Верхн. торг. ряды, 21 эт., 2-й ряд, помещ. 175","Делегат Верлин В.А."
,"Центральный комитет Российского общества Красного Креста (Центрокрест, ЦК РОКК)","Пушечная (Софийка), 5.","Общественно-пролетарская организация по оказанию помощи жертвам войны и стихийных бедствий. Предс. Соловьев З.П."
,"Клуб ЦК ВКПб","Старая пл 4",
,"Центральный еврейский рабочий клуб","Лубянский проезд 2",
,"центральный дом крестьянина","мясницкая, б злотоустьинский 6","Обслуживание нужд крестьян-ходоков, прибывающих в Москву из деревни по крестьянским делам общественного и личного характера, в области хозяйственной, агрономической, культурной и правовой).  Завед.: Свидерский А.И. При ЦДК находятся: общежитие, амбулатория, баня-прачечная (для крестьян-ходоков бесплатно), библиотека-читальня, кинотеатр, сел.-хоз. музей, мануфактурный магазин. ЦДК (Центральный дом крестьянина в Москве) был основан в июне 1922 года. В начале ЦДК находился в ведении ВЦИК[2]. С 1923 года он перешел в ведение Народного комиссариата земледелия (Наркомзем, НКЗ). ЦДК Ђобслуживалї приезжающих в город крестьян. Им предоставлялось общежитие, питание. Ходоки получали правовую помощь, разнообразные справки и советы по различным вопросам. Для ходоков предусматривалась и Ђкультурная работаї: Ђхудожественные постановкиї, экскурсии, радиопередачи. В ЦДК читались лекции, доклады, проводились диспуты, вечера вопросов и ответов, а также индивидуальные беседы. Такого рода мероприятия стенографировались или просто записывались политинструктором и в итоге в виде сводок Ђнастроений и запросов крестьянї направлялись в Наркомзем, а затем и во ВЦИК."
,,"сретенский мрь","общежитие огпу"
,,,
,,,
,,,
,"мво","арбат 37",
,,,
,,,
,,,
,"ВТ Московско-Окского бассейна","Б. Черкасский 2  (42 г.)",
,,,
,"Прокуратура СССР (1933- ), Верховный суд","Дмитровка Бол. 15а  (МТС1935)","https://docs.google.com/document/d/15hNjek04gTAzI7MukgZfVsOjgiZVTID6oZwa8ExvC9Q/edit"
,"Милютинский пер 5 или 7","Телефонная станция",
